Variable,N,Mean,SD,Min,p25,p50,p75,Max,Group
sentiment_variance,215,0.2967255995865683,0.11701130236014907,0.0,0.28230793167237345,0.3243388623904557,0.35720433694200576,0.5330437733333334,Treatment
avg_compound_score,215,0.08543160401317317,0.27314860398924606,-0.86518,-0.0594988474728734,0.0616473251028806,0.16112996186098194,0.9868,Treatment
log_avg_us_count,215,0.4441587445269726,0.2742041444178094,0.009950330853168,0.2817611440889583,0.4010107577587841,0.5571943792464793,1.6114359150967734,Treatment
log_avg_them_count,215,0.7002322152740227,0.3170643954964217,0.009950330853168,0.5328484647488858,0.6981347220709844,0.8991617514341473,2.303584593327129,Treatment
sentiment_variance,422,0.2808759767107313,0.1128542720504751,0.0,0.26074585480331197,0.2983618167948594,0.3373696520329074,0.8513820049999999,Control
avg_compound_score,422,0.03197044414926914,0.2454879172960096,-0.9692,-0.07657720529918045,0.032303177257525045,0.13758300997782702,0.9856,Control
log_avg_us_count,422,0.3532574580944237,0.260339830709715,0.009950330853168,0.21472353903100824,0.30172104821945833,0.4520206543027439,2.080690761080268,Control
log_avg_them_count,422,0.619059211334544,0.3118281178506858,0.009950330853168,0.48609221806047603,0.6206370284751627,0.7534496012057006,2.565718292524414,Control
