,Treatment Effect,Treatment Effect,Treatment Effect,Treatment Effect,Treatment Effect,p-value,p-value,p-value,p-value,p-value,R-squared,R-squared,R-squared,R-squared,R-squared
Model,Model1,Model2,Model3,Model4,Model5,Model1,Model2,Model3,Model4,Model5,Model1,Model2,Model3,Model4,Model5
Variable,,,,,,,,,,,,,,,
avg_compound_score,0.0315423024417997,0.0315423024417997,0.0373973309145765,0.0389352760444916,0.0459397542076025,0.4973,0.4973,0.4549,0.4387,0.3364,0.0108721299533998,0.0108721299533998,0.0470199488701135,0.0478590793754791,0.0936505264307898
log_avg_them_count,0.088747262440055,0.088747262440055,0.0888578821074231,0.079846277663992,0.0738572983923336,0.11,0.11,0.1329,0.1798,0.2188,0.0236670811501485,0.0236670811501485,0.0945024705441152,0.1134758622629211,0.1353520871366236
log_avg_us_count,0.0653045655618104,0.0653045655618104,0.0555035774690321,0.0551986954927028,0.0572469495652496,0.1597,0.1597,0.2328,0.2376,0.2320,0.0308579699975233,0.0308579699975233,0.1151387403079834,0.1151687968078745,0.1187250837503717
log_max_distance_ratio,0.1210660891143327,0.1210660891143327,0.108442984960186,0.0608176072391559,0.0071382065881824,0.35,0.35,0.4243,0.6434,0.9411,0.0095085737844564,0.0095085737844564,0.1045127349051349,0.1927002353900527,0.5540973252350828
sentiment_polarization,-0.0462940925820231,-0.0462940925820231,-0.0694417343897096,-0.10310195522393,-0.1485908109972935,0.6453,0.6453,0.5096,0.3182,0.0378**,0.002762827150703,0.002762827150703,0.1028901589387437,0.1804529176931312,0.5747498929507198
sentiment_variance,-0.0195705060745545,-0.0195705060745545,-0.0259183322048211,-0.029710713551876,-0.0366875279525588,0.3217,0.3217,0.2164,0.1595,0.0351**,0.0058510531758672,0.0058510531758672,0.0930500355364557,0.118627139426131,0.3447705603455155
